Region/Category,Recipe Display Name,Required Filename
Base Recipes,Chicken Biryani,chicken-biryani.jpg
Base Recipes,Butter Chicken,butter-chicken.jpg
Base Recipes,Paneer Tikka Masala,paneer-tikka-masala.jpg
Base Recipes,Chole Bhature,chole-bhature.jpg
Base Recipes,Sambar,sambar.jpg
Base Recipes,Masala Dosa,masala-dosa.jpg
Base Recipes,Dal Makhani,dal-makhani.jpg
Base Recipes,Rajma Chawal,rajma-chawal.jpg
Base Recipes,Palak Paneer,palak-paneer.jpg
Rajasthan,Laal Maas,laal-maas.jpg
Rajasthan,Moong Dal Halwa,moong-dal-halwa.jpg
Rajasthan,Moong Dal Kachori,kachori.jpg
Rajasthan,Dal Baati Churma,dal-baati-churma.jpg
Rajasthan,Gatte Ki Sabzi,gatte-ki-sabzi.jpg
Rajasthan,Ker Sangri,ker-sangri.jpg
Rajasthan,Bajre Ki Roti,bajre-ki-roti.jpg
Rajasthan,Pyaaz Kachori,pyaaz-kachori.jpg
Rajasthan,Rajasthani Kadhi,rajasthani-kadhi.jpg
Rajasthan,Mirchi Bada,mirchi-bada.jpg
Rajasthan,Papad Ki Sabzi,papad-ki-sabzi.jpg
Rajasthan,Rajasthani Besan Chilla,rajasthani-besan-chilla.jpg
Rajasthan,Malpua,malpua.jpg
Rajasthan,Ghevar,ghevar.jpg
Rajasthan,Rajasthani Pulao,rajasthani-pulao.jpg
Rajasthan,Chana Dal Halwa (Rajasthani Style),chana-dal-halwa.jpg
Rajasthan,Safed Maas,safed-maas.jpg
Rajasthan,Jungli Maas,jungli-maas.jpg
Rajasthan,Rajasthani Chicken Curry,rajasthani-chicken-curry.jpg
Rajasthan,Mutton Khaad Khargosh Style,mutton-khaad.jpg
Rajasthan,Achar Gosht,achar-gosht.jpg
Rajasthan,Rajasthani Mutton Curry,rajasthani-mutton-curry.jpg
Rajasthan,Khad Kukkad (Chicken in Clay Pot),khad-kukkad.jpg
Rajasthan,Mutton Soweta,mutton-soweta.jpg
Rajasthan,Chicken Achari,chicken-achari-rajasthani.jpg
Rajasthan,Rajasthani Fish Curry,rajasthani-fish-curry.jpg
Rajasthan,Bater (Quail) Curry,bater-curry.jpg
Rajasthan,Mutton Handi,mutton-handi.jpg
Rajasthan,Chicken Rassa (Rajasthani Style),chicken-rassa-rajasthani.jpg
Rajasthan,Egg Curry (Rajasthani Style),egg-curry-rajasthani.jpg
Tamil Nadu,Vatha Kuzhambu,vatha-kuzhambu.jpg
Tamil Nadu,Mixed Vegetable Poriyal,veg-poriyal.jpg
Tamil Nadu,Adai,adai-dosai.jpg
Tamil Nadu,Paruppu Sadam,paruppu-sadam.jpg
Tamil Nadu,Semiya Payasam,semiya-payasam.jpg
Tamil Nadu,Idiyappam,idiyappam.jpg
Tamil Nadu,Kothamalli Thogayal,kothamalli-thogayal.jpg
Tamil Nadu,Ellu Sadam (Sesame Rice),ellu-sadam.jpg
Tamil Nadu,Thengai Sadam (Coconut Rice),thengai-sadam.jpg
Tamil Nadu,Puliyodarai (Tamarind Rice),puliyodarai.jpg
Tamil Nadu,Vazhakkai Poriyal,vazhakkai-poriyal.jpg
Tamil Nadu,Keerai Masiyal,keerai-masiyal.jpg
Tamil Nadu,Mor Kuzhambu,mor-kuzhambu.jpg
Tamil Nadu,Sevai,sevai-breakfast.jpg
Tamil Nadu,Milagu Kuzhambu,milagu-kuzhambu-veg.jpg
Tamil Nadu,Vengaya Sambar,vengaya-sambar.jpg
Tamil Nadu,Kootu,kootu-stew.jpg
Tamil Nadu,Rava Kesari,rava-kesari.jpg
Tamil Nadu,Sakkarai Pongal,sakkarai-pongal.jpg
Tamil Nadu,Kadamba Sadam,kadamba-sadam.jpg
Tamil Nadu,Tamil Style Fish Curry,meen-kuzhambu.jpg
Tamil Nadu,Chettinad Mutton Curry,chettinad-mutton-curry.jpg
Tamil Nadu,Nei Meen Varuval,nei-meen-varuval.jpg
Tamil Nadu,Naatu Kozhi Kuzhambu,naatu-kozhi-kuzhambu.jpg
Tamil Nadu,Nandu Kuzhambu (Tamil Crab Curry),nandu-kuzhambu.jpg
Tamil Nadu,Kozhi Milagu Varuval,kozhi-milagu-varuval.jpg
Tamil Nadu,Mutton Sukka,mutton-sukka-tn.jpg
Tamil Nadu,Prawn Masala (Tamil Style),prawn-masala-tn.jpg
Tamil Nadu,Chicken 65 (Tamil Style),chicken-65-tn.jpg
Tamil Nadu,Mutton Kola Urundai Kuzhambu,mutton-kola-urundai-kuzhambu.jpg
Tamil Nadu,Chicken Chukka,chicken-chukka-tn.jpg
Tamil Nadu,Meen Varuval,meen-varuval-tn.jpg
Tamil Nadu,Kozhi Varuval,kozhi-varuval-tn.jpg
Tamil Nadu,Nattu Kozhi Varuval,nattu-kozhi-varuval-tn.jpg
Tamil Nadu,Yera Thokku,yera-thokku-tn.jpg
Tamil Nadu,Kari Dosai,kari-dosai-tn.jpg
Tamil Nadu,Attu Kal Kari (Goat Trotters Curry),attu-kal-kari-tn.jpg
Tamil Nadu,Chicken Chettinad Biryani,chicken-chettinad-biryani.jpg
Tamil Nadu,Ambur Chicken Biryani,ambur-chicken-biryani.jpg
Tamil Nadu,Dindigul Chicken Biryani,dindigul-chicken-biryani.jpg
Tamil Nadu,Sundal,sundal-snack.jpg
Tamil Nadu,Thattai,thattai-crackers.jpg
Tamil Nadu,Ulundu Vadai,ulundu-vadai-snack.jpg
Tamil Nadu,Vazhaipoo Vadai,vazhaipoo-vadai-snack.jpg
Tamil Nadu,Ellu Urundai,ellu-urundai-snack.jpg
Tamil Nadu,Bajji,bajji-snack.jpg
Tamil Nadu,Murukku,murukku-snack.jpg
Tamil Nadu,Kola Urundai (Chettinad Meatballs),kola-urundai-chettinad.jpg
Tamil Nadu,Parotta Salna,parotta-salna-street.jpg
Tamil Nadu,Chicken Chettinad Varuval,chicken-chettinad-varuval-snack.jpg
Kerala,Avial,avial.jpg
Kerala,Appam with Vegetable Stew,appam-veg-stew.jpg
Kerala,Puttu with Kadala Curry,puttu-kadala-curry.jpg
Kerala,Olan,olan.jpg
Kerala,Cabbage Thoran,cabbage-thoran.jpg
Kerala,Pumpkin & Lentil Erissery,erissery.jpg
Kerala,Kaalan,kaalan.jpg
Kerala,Kerala Parippu Curry,parippu-curry-kerala.jpg
Kerala,Kerala Vegetable Stew,kerala-veg-stew.jpg
Kerala,Cherupayar Curry,cherupayar-curry.jpg
Kerala,Kappa Vevichathu,kappa-vevichathu.jpg
Kerala,Kerala Rice Kanji,kerala-kanji.jpg
Kerala,Cucumber Pachadi,pachadi-kerala.jpg
Kerala,Puliyinji,puliyinji.jpg
Kerala,Kerala Style Sambar,kerala-sambar.jpg
Kerala,Kerala Fish Curry (Meen Curry),kerala-fish-curry.jpg
Kerala,Kerala Beef Fry (Ularthiyathu),kerala-beef-fry.jpg
Kerala,Fish Molee,fish-molee.jpg
Kerala,Kerala Chicken Curry,kerala-chicken-curry.jpg
Kerala,Chicken Mappas,chicken-mappas.jpg
Kerala,Meen Pollichathu,meen-pollichathu.jpg
Kerala,Karimeen Fry,karimeen-fry.jpg
Kerala,Prawn Mango Curry,prawn-mango-curry.jpg
Kerala,Kerala Egg Roast,egg-roast-kerala.jpg
Kerala,Kerala Duck Roast,duck-roast-kerala.jpg
Kerala,Unniyappam,unniyappam.jpg
Kerala,Kerala Parippu Vada,parippu-vada-kerala.jpg
Kerala,Kerala Banana Chips,banana-chips-kerala.jpg
Kerala,Ada Pradhaman,ada-pradhaman.jpg
Kerala,Pazham Pori,pazham-pori.jpg
Andhra Pradesh,Andhra Chicken Curry (Kodi Kura),kodi-kura-andhra.jpg
Andhra Pradesh,Gongura Chicken,gongura-chicken-andhra.jpg
Andhra Pradesh,Andhra Mutton Curry,andhra-mutton-curry-rich.jpg
Andhra Pradesh,Chepa Pulusu,chepa-pulusu-andhra.jpg
Andhra Pradesh,Royyala Iguru,royyala-iguru-andhra.jpg
Andhra Pradesh,Kodi Vepudu,kodi-vepudu-andhra.jpg
Andhra Pradesh,Natu Kodi Pulusu,natu-kodi-pulusu-andhra.jpg
Andhra Pradesh,Guntur Chicken,guntur-chicken-andhra.jpg
Andhra Pradesh,Andhra Chicken Biryani,andhra-chicken-biryani-spicy.jpg
Andhra Pradesh,Kodi Kura Pulao,kodi-kura-pulao-andhra.jpg
Andhra Pradesh,Chicken 65 (Andhra Style),chicken-65-andhra.jpg
Andhra Pradesh,Egg Curry Andhra Style,egg-curry-andhra.jpg
Andhra Pradesh,Prawn Pulusu,prawn-pulusu-andhra.jpg
Andhra Pradesh,Mutton Chukka,mutton-chukka-andhra.jpg
Andhra Pradesh,Bommidi Fish Fry,bommidi-fish-fry-andhra.jpg
Andhra Pradesh,Gongura Pappu,gongura-pappu-andhra.jpg
Andhra Pradesh,Pesarattu,pesarattu-andhra.jpg
Andhra Pradesh,Andhra Tomato Pappu,tomato-pappu-andhra.jpg
Andhra Pradesh,Gutti Vankaya Kura,gutti-vankaya-kura-andhra.jpg
Andhra Pradesh,Bendakaya Pulusu,bendakaya-pulusu-andhra.jpg
Andhra Pradesh,Andhra Vegetable Biryani,andhra-veg-biryani-spicy.jpg
Andhra Pradesh,Pappu Charu,pappu-charu-andhra.jpg
Andhra Pradesh,Beerakaya Pappu,beerakaya-pappu-andhra.jpg
Andhra Pradesh,Vankaya Pachadi,vankaya-pachadi-andhra.jpg
Andhra Pradesh,Ulavacharu,ulavacharu-andhra.jpg
Andhra Pradesh,Mirchi Bajji (Andhra Style),mirchi-bajji-andhra.jpg
Andhra Pradesh,Punugulu,punugulu-andhra.jpg
Andhra Pradesh,Andhra Garelu,andhra-garelu.jpg
Andhra Pradesh,Andhra Chicken Pakoda,andhra-chicken-pakoda.jpg
Andhra Pradesh,Prawn Bajji (Andhra Style),prawn-bajji-andhra.jpg
Karnataka,Bisi Bele Bath,bisi-bele-bath.jpg
Karnataka,Ragi Mudde,ragi-mudde.jpg
Karnataka,Vangi Bath,vangi-bath.jpg
Karnataka,Akki Roti,akki-roti.jpg
Karnataka,Huli,huli-karnataka.jpg
Karnataka,Majjige Huli,majjige-huli.jpg
Karnataka,Kosambari,kosambari.jpg
Karnataka,Ennegai,ennegai.jpg
Karnataka,Pineapple Gojju,gojju.jpg
Karnataka,Chitranna (Lemon Rice),chitranna.jpg
Karnataka,Pumpkin Sagu,pumpkin-sagu.jpg
Karnataka,Beans Palya,beans-palya.jpg
Karnataka,Kadubu,kadubu.jpg
Karnataka,Avarekalu Usli,avarekalu-usli.jpg
Karnataka,Karnataka Style Sambar,karnataka-sambar.jpg
Karnataka,Kori Gassi,kori-gassi.jpg
Karnataka,Karnataka Mutton Sukka,mutton-sukka-karnataka.jpg
Karnataka,Chicken Ghee Roast,chicken-ghee-roast-karnataka.jpg
Karnataka,Koli Saaru,koli-saaru.jpg
Karnataka,Mangalorean Fish Curry,mangalore-fish-curry.jpg
Karnataka,Bangude Pulimunchi,bangude-pulimunchi.jpg
Karnataka,Kundapur Chicken Curry,kundapur-chicken-curry.jpg
Karnataka,Coorg Pandi Curry,coorg-pandi-curry.jpg
Karnataka,Kori Rotti,kori-rotti.jpg
Karnataka,Chicken Sukka,chicken-sukka-karnataka.jpg
Karnataka,Prawn Ghee Roast,prawn-ghee-roast.jpg
Karnataka,Mutton Curry Karnataka Style,mutton-curry-karnataka.jpg
Karnataka,Egg Curry Karnataka Style,egg-curry-karnataka.jpg
Karnataka,Fish Fry Mangalorean Style,mangalore-fish-fry.jpg
Karnataka,Crab Sukka,crab-sukka.jpg
Karnataka,Mysore Masala Dosa,mysore-masala-dosa.jpg
Karnataka,Maddur Vada,maddur-vada.jpg
Karnataka,Goli Baje (Mangalore Bajji),goli-baje.jpg
Karnataka,Davangere Benne Dosa,benne-dosa.jpg
Karnataka,Kodubale,kodubale.jpg
Karnataka,Ambode (Masala Vada),ambode.jpg
Karnataka,Nippattu,nippattu.jpg
Karnataka,Mysore Pak,mysore-pak.jpg
Karnataka,Obbattu (Holige),obbattu.jpg
Karnataka,Mangalore Buns,mangalore-buns.jpg
Telangana,Hyderabadi Chicken Biryani,hyderabadi-chicken-biryani.jpg
Telangana,Hyderabadi Mutton Biryani,hyderabadi-mutton-biryani.jpg
Telangana,Haleem,haleem.jpg
Telangana,Chicken Marag,chicken-marag.jpg
Telangana,Mutton Marag,mutton-marag.jpg
Telangana,Boti Kurma,boti-kurma.jpg
Telangana,Shikampuri Kebab,shikampuri-kebab.jpg
Telangana,Pathar Ka Gosht,pathar-ka-gosht.jpg
Telangana,Dum Ka Murgh,dum-ka-murgh.jpg
Telangana,Chicken Do Pyaza Hyderabadi,chicken-do-pyaza-hyderabadi.jpg
Telangana,Gongura Mutton,gongura-mutton.jpg
Telangana,Kodi Kharam,kodi-kharam.jpg
Telangana,Talawa Gosht,talawa-gosht.jpg
Telangana,Natukodi Iguru,natukodi-iguru.jpg
Telangana,Egg Biryani Hyderabadi,egg-biryani-hyderabadi.jpg
Telangana,Mirchi Ka Salan,mirchi-ka-salan.jpg
Telangana,Bagara Baingan,bagara-baingan.jpg
Telangana,Khatti Dal,khatti-dal.jpg
Telangana,Sorakaya Curry,sorakaya-curry.jpg
Telangana,Palak Pappu,palak-pappu.jpg
Telangana,Chintakaya Pappu,chintakaya-pappu.jpg
Telangana,Uppu Kura,uppu-kura.jpg
Telangana,Bagara Rice,bagara-rice.jpg
Telangana,Gongura Pachadi,gongura-pachadi-telangana.jpg
Telangana,Sabzi Khatti Meethi,sabzi-khatti-meethi.jpg
Telangana,Sarva Pindi,sarva-pindi.jpg
Telangana,Sakinalu,sakinalu.jpg
Telangana,Double Ka Meetha,double-ka-meetha.jpg
Telangana,Qubani Ka Meetha,qubani-ka-meetha.jpg
Telangana,Chicken Majestic,chicken-majestic.jpg
Maharashtra,Kolhapuri Chicken,kolhapuri-chicken.jpg
Maharashtra,Mutton Kolhapuri,mutton-kolhapuri.jpg
Maharashtra,Malvani Chicken Curry,malvani-chicken-curry.jpg
Maharashtra,Malvani Fish Curry,malvani-fish-curry.jpg
Maharashtra,Chicken Sukka (Maharashtrian),chicken-sukka-maharashtrian.jpg
Maharashtra,Bombil Fry (Bombay Duck Fry),bombil-fry.jpg
Maharashtra,Kombdi Vade,kombdi-vade.jpg
Maharashtra,Mutton Rassa,mutton-rassa.jpg
Maharashtra,Chicken Rassa,chicken-rassa.jpg
Maharashtra,Prawns Koliwada,prawns-koliwada.jpg
Maharashtra,Surmai Curry,surmai-curry.jpg
Maharashtra,Egg Curry (Maharashtrian),egg-curry-maharashtrian.jpg
Maharashtra,Chicken Kolhapuri Sukka,chicken-kolhapuri-sukka.jpg
Maharashtra,Mutton Kheema,mutton-kheema-maharashtra.jpg
Maharashtra,Crab Malvani,crab-malvani.jpg
Maharashtra,Puran Poli,puran-poli.jpg
Maharashtra,Batata Vada Curry,batata-vada-curry.jpg
Maharashtra,Varan Bhaat,varan-bhaat.jpg
Maharashtra,Sabudana Khichdi,sabudana-khichdi.jpg
Maharashtra,Pithla,pithla.jpg
Maharashtra,Zunka,zunka.jpg
Maharashtra,Masale Bhaat,masale-bhaat.jpg
Maharashtra,Vangyache Bharit,vangyache-bharit.jpg
Maharashtra,Amti,amti-maharashtra.jpg
Maharashtra,Aluchi Vadi,aluchi-vadi.jpg
Maharashtra,Vada Pav,vada-pav.jpg
Maharashtra,Misal Pav,misal-pav.jpg
Maharashtra,Kothimbir Vadi,kothimbir-vadi.jpg
Maharashtra,Kanda Poha,maharashtrian-poha.jpg
Maharashtra,Chicken Kolivada,chicken-kolivada.jpg
Odisha,Machha Jhola,machha-jhola-odia.jpg
Odisha,Chingudi Jhola,chingudi-jhola-odia.jpg
Odisha,Mutton Kassa,mutton-kassa-odia.jpg
Odisha,Chicken Kassa,chicken-kassa-odia.jpg
Odisha,Dahi Machha,dahi-machha-odia.jpg
Odisha,Kankada Jhola,kankada-jhola-odia.jpg
Odisha,Chicken Rai,chicken-rai-odia.jpg
Odisha,Macha Besara,macha-besara-odia.jpg
Odisha,Mutton Curry Odia Style,mutton-curry-odia-style.jpg
Odisha,Prawn Malai Curry Odia Style,prawn-malai-curry-odia.jpg
Odisha,Chicken Curry Odia Style,chicken-curry-odia-style.jpg
Odisha,Anda Tarkari,anda-tarkari-odia.jpg
Odisha,Machha Ambila,machha-ambila-odia.jpg
Odisha,Kosha Mangsho Odia Style,kosha-mangsho-odia-style.jpg
Odisha,Chuna Machha Bhaja,chuna-machha-bhaja-odia.jpg
Odisha,Dalma,dalma-odia.jpg
Odisha,Santula,santula-odia.jpg
Odisha,Ghanta Tarkari,ghanta-tarkari-odia.jpg
Odisha,Chhena Poda,chhena-poda-odia.jpg
Odisha,Besara,besara-odia.jpg
Odisha,Saga Bhaja,saga-bhaja-odia.jpg
Odisha,Kanika,kanika-odia.jpg
Odisha,Alu Potala Rasa,alu-potala-rasa-odia.jpg
Odisha,Dahi Baigana,dahi-baigana-odia.jpg
Odisha,Chhena Tarkari,chhena-tarkari-odia.jpg
Odisha,Pakhala Bhaja,pakhala-bhaja-odia.jpg
Odisha,Aloo Chop,aloo-chop-odia.jpg
Odisha,Dahi Vada Odia Style,dahi-vada-odia-style.jpg
Odisha,Chhena Jhili,chhena-jhili-odia.jpg
Odisha,Fish Chop,fish-chop-odia.jpg
Chhattisgarh,Chhattisgarhi Chicken Curry,chhattisgarhi-chicken-curry.jpg
Chhattisgarh,Mutton Curry Chhattisgarhi Style,mutton-curry-chhattisgarhi.jpg
Chhattisgarh,Bhajir Machhi,bhajir-machhi.jpg
Chhattisgarh,Chicken Bafauri Style Curry,chicken-bafauri-curry.jpg
Chhattisgarh,Mutton Kaliya,mutton-kaliya-cg.jpg
Chhattisgarh,Machli Bhuja,machli-bhuja.jpg
Chhattisgarh,Chicken Kaliya,chicken-kaliya-cg.jpg
Chhattisgarh,Egg Curry Chhattisgarhi Style,egg-curry-chhattisgarhi.jpg
Chhattisgarh,Kadai Chicken Chhattisgarhi,kadai-chicken-chhattisgarhi.jpg
Chhattisgarh,Mutton Bhutwa,mutton-bhutwa-cg.jpg
Chhattisgarh,Chicken Bhutwa,chicken-bhutwa-cg.jpg
Chhattisgarh,Machhi Jhor,machhi-jhor-cg.jpg
Chhattisgarh,Desi Murga Curry,desi-murga-curry-cg.jpg
Chhattisgarh,Mutton Curry with Kohda,mutton-kohda-curry.jpg
Chhattisgarh,Anda Bhutwa,anda-bhutwa-cg.jpg
Chhattisgarh,Chana Bhaji Chhattisgarhi,chana-bhaji-chhattisgarhi.jpg
Chhattisgarh,Bafauri,bafauri-veg-cg.jpg
Chhattisgarh,Chousela Roti with Sabzi,chousela-roti-sabzi.jpg
Chhattisgarh,Aamat,aamat-curry.jpg
Chhattisgarh,Muthiya Bhaji,muthiya-bhaji.jpg
Chhattisgarh,Dubki Kadhi,dubki-kadhi-cg.jpg
Chhattisgarh,Bhaji Chhattisgarhi (Mixed Greens),chhattisgarhi-mixed-greens.jpg
Chhattisgarh,Farra,farra-rolls.jpg
Chhattisgarh,Tilgur Chana,tilgur-chana.jpg
Chhattisgarh,Kusli Sabzi,kusli-sabzi-cg.jpg
Chhattisgarh,Chila,chila-chhattisgarhi.jpg
Chhattisgarh,Aamat Bhajiya,aamat-bhajiya.jpg
Chhattisgarh,Khurma Chhattisgarhi,khurma-chhattisgarhi.jpg
Chhattisgarh,Thethri,thethri-cg.jpg
Chhattisgarh,Fish Pakora Chhattisgarhi,fish-pakora-chhattisgarhi.jpg
Madhya Pradesh,Bhopali Chicken Curry,bhopali-chicken-curry.jpg
Madhya Pradesh,Mutton Korma Bhopali,mutton-korma-bhopali.jpg
Madhya Pradesh,Malwa Style Chicken Curry,malwa-chicken-curry.jpg
Madhya Pradesh,Keema Matar,keema-matar-mp.jpg
Madhya Pradesh,Chicken Rogan Josh Bhopali,chicken-rogan-josh-bhopali.jpg
Madhya Pradesh,Mutton Curry Malwa Style,mutton-curry-malwa.jpg
Madhya Pradesh,Chicken Do Pyaza MP Style,chicken-do-pyaza-mp.jpg
Madhya Pradesh,Mutton Seekh Kebab,mutton-seekh-kebab-mp.jpg
Madhya Pradesh,Chicken Chaap Bhopali,chicken-chaap-bhopali.jpg
Madhya Pradesh,Egg Curry MP Style,egg-curry-mp.jpg
Madhya Pradesh,Mutton Nihari Bhopali,mutton-nihari-bhopali.jpg
Madhya Pradesh,Mild Bhopali Chicken Korma,chicken-korma-bhopali-mild.jpg
Madhya Pradesh,Fish Curry Narmada Style,fish-curry-narmada.jpg
Madhya Pradesh,Mutton Kaleji,mutton-kaleji-mp.jpg
Madhya Pradesh,Chicken Handi,chicken-handi-mp.jpg
Madhya Pradesh,Bhutte Ka Kees,bhutte-ka-kees.jpg
Madhya Pradesh,Dal Bafla,dal-bafla.jpg
Madhya Pradesh,Sev Bhaji,sev-bhaji.jpg
Madhya Pradesh,Palak Vadi Curry,palak-vadi-curry.jpg
Madhya Pradesh,Indori Poha,indori-poha.jpg
Madhya Pradesh,Chana Dal Sabzi,chana-dal-sabzi-mp.jpg
Madhya Pradesh,Madhya Pradesh Malpua,malpua-mp.jpg
Madhya Pradesh,Kadhi Bhopali,kadhi-bhopali.jpg
Madhya Pradesh,Bhindi Malwa Style,bhindi-malwa.jpg
Madhya Pradesh,Lapsi,lapsi-mp.jpg
Madhya Pradesh,Bhutte Ki Kees Chaat,indori-bhutte-ki-kees-chaat.jpg
Madhya Pradesh,Poha Jalebi,poha-jalebi-indore.jpg
Madhya Pradesh,Mawa Bati,mawa-bati-mp.jpg
Madhya Pradesh,Bhopali Samosa,bhopali-samosa.jpg
Madhya Pradesh,Chicken Cutlet Bhopali,chicken-cutlet-bhopali.jpg
Gujarat,Kathiawadi Chicken Curry,kathiawadi-chicken-curry.jpg
Gujarat,Kathiawadi Mutton Curry,kathiawadi-mutton-curry.jpg
Gujarat,Chicken Bharuchi,chicken-bharuchi.jpg
Gujarat,Surti Chicken Curry,surti-chicken-curry.jpg
Gujarat,Machhi Nu Shaak,machhi-nu-shaak.jpg
Gujarat,Chicken Khiro,chicken-khiro.jpg
Gujarat,Mutton Bafat,mutton-bafat-gujarati.jpg
Gujarat,Chicken Ambot Tik (Gujarati Style),chicken-ambot-tik.jpg
Gujarat,Egg Curry Gujarati Style,egg-curry-gujarati.jpg
Gujarat,Kolamba Fish Curry,kolamba-fish-curry.jpg
Gujarat,Chicken Handi Gujarati Style,chicken-handi-gujarati.jpg
Gujarat,Mutton Kheema Gujarati,mutton-kheema-gujarati.jpg
Gujarat,Parsi Chicken Curry,chicken-curry-parsi.jpg
Gujarat,Prawn Curry Surti,prawn-curry-surti.jpg
Gujarat,Chicken Fry Kathiawadi,chicken-fry-kathiawadi.jpg
Gujarat,Undhiyu,undhiyu.jpg
Gujarat,Gujarati Kadhi,gujarati-kadhi.jpg
Gujarat,Dal Dhokli,dal-dhokli.jpg
Gujarat,Sev Tameta Nu Shaak,sev-tameta-nu-shaak.jpg
Gujarat,Bateta Nu Shaak,bateta-nu-shaak.jpg
Gujarat,Ringan No Olo,ringan-no-olo.jpg
Gujarat,Gujarati Dal,gujarati-dal.jpg
Gujarat,Handvo,handvo.jpg
Gujarat,Muthiya Nu Shaak,muthiya-nu-shaak.jpg
Gujarat,Sev Khamani,sev-khamani.jpg
Gujarat,Dhokla,dhokla.jpg
Gujarat,Khandvi,khandvi.jpg
Gujarat,Fafda Jalebi,fafda-jalebi.jpg
Gujarat,Khaman,khaman.jpg
Gujarat,Chicken Pakora (Gujarati Style),chicken-pakora-gujarati.jpg
Uttar Pradesh,Lucknowi Chicken Biryani,lucknowi-chicken-biryani.jpg
Uttar Pradesh,Galouti Kebab,galouti-kebab.jpg
Uttar Pradesh,Awadhi Mutton Korma,awadhi-mutton-korma.jpg
Uttar Pradesh,Nihari,nihari-up.jpg
Uttar Pradesh,Tunday Kebab,tunday-kebab.jpg
Uttar Pradesh,Chicken Rezala Lucknowi,chicken-rezala-lucknowi.jpg
Uttar Pradesh,Kakori Kebab,kakori-kebab.jpg
Uttar Pradesh,Mutton Rara,mutton-rara-up.jpg
Uttar Pradesh,Chicken Korma Awadhi,chicken-korma-awadhi.jpg
Uttar Pradesh,Bhuna Gosht UP Style,bhuna-gosht-up.jpg
Uttar Pradesh,Egg Curry Lucknowi Style,egg-curry-lucknowi.jpg
Uttar Pradesh,Murgh Musallam,murgh-musallam-lucknow.jpg
Uttar Pradesh,Mutton Do Pyaza UP Style,mutton-do-pyaza-up.jpg
Uttar Pradesh,Chicken Chaap Lucknowi,chicken-chaap-lucknowi.jpg
Uttar Pradesh,Machli Amritsari UP Style,machli-amritsari-up.jpg
Uttar Pradesh,Kashi Chaat,kashi-chaat.jpg
Uttar Pradesh,Bedmi Puri with Aloo Sabzi,bedmi-puri-sabzi.jpg
Uttar Pradesh,Nimona,nimona-up.jpg
Uttar Pradesh,Dubki Wale Aloo,dubki-wale-aloo.jpg
Uttar Pradesh,Kaddu Ki Sabzi UP Style,kaddu-ki-sabzi-up.jpg
Uttar Pradesh,Arhar Dal Banarasi,arhar-dal-banarasi.jpg
Uttar Pradesh,Bharwa Baingan UP Style,bharwa-baingan-up.jpg
Uttar Pradesh,Lauki Kofta,lauki-kofta-up.jpg
Uttar Pradesh,Petha ki Sabzi,petha-ki-sabzi-up.jpg
Uttar Pradesh,Til Ki Chutney with Sabzi,til-chutney-sabzi.jpg
Uttar Pradesh,Banarasi Chaat,banarasi-chaat.jpg
Uttar Pradesh,Agra Petha,agra-petha.jpg
Uttar Pradesh,Kachori with Aloo Sabzi,kachori-aloo-up.jpg
Uttar Pradesh,Malaiyyo,malaiyyo.jpg
Uttar Pradesh,Chicken Tikka Lucknowi,chicken-tikka-lucknowi.jpg
Bihar,Bihari Mutton Curry,bihari-mutton-curry.jpg
Bihar,Bihari Chicken Curry,bihari-chicken-curry.jpg
Bihar,Machh Ka Salan,machh-ka-salan.jpg
Bihar,Mutton Kaleji Bihari,mutton-kaleji-bihari.jpg
Bihar,Chicken Rezala Bihari,chicken-rezala-bihari.jpg
Bihar,Anda Curry Bihari Style,anda-curry-bihari.jpg
Bihar,Machh Bhuja,machh-bhuja.jpg
Bihar,Mutton Champaran Style (Ahuna Mutton),champaran-mutton.jpg
Bihar,Chicken Bhuna Bihari,chicken-bhuna-bihari.jpg
Bihar,Kadhi Machhi,kadhi-machhi.jpg
Bihar,Litti Chokha,litti-chokha.jpg
Bihar,Chana Ghugni,chana-ghugni.jpg
Bihar,Dal Pitha,dal-pitha.jpg
Bihar,Kadhi Bihari Style,kadhi-bihari.jpg
Bihar,Sattu Paratha,sattu-paratha.jpg
Bihar,Bhindi Bihari Style,bhindi-bihari.jpg
Bihar,Aloo Chokha,aloo-chokha.jpg
Bihar,Baingan Chokha,baingan-chokha.jpg
Bihar,Dal Bihari (Arhar Dal),dal-bihari.jpg
Bihar,Kaddu Bhaji Bihari Style,kaddu-bhaji-bihari.jpg
Bihar,Sattu Sharbat Snack Balls,sattu-snack-balls.jpg
Bihar,Khaja,khaja.jpg
Bihar,Thekua,thekua.jpg
Bihar,Pua,pua.jpg
Bihar,Fish Pakora Bihari Style,fish-pakora-bihari.jpg
Haryana,Haryanvi Mutton Curry,haryanvi-mutton-curry.jpg
Haryana,Haryanvi Chicken Curry,haryanvi-chicken-curry.jpg
Haryana,Sarson Wala Mutton,sarson-wala-mutton.jpg
Haryana,Chicken Handi Haryanvi,chicken-handi-haryanvi.jpg
Haryana,Mutton Do Pyaza Haryanvi,mutton-do-pyaza-haryanvi.jpg
Haryana,Egg Curry Haryanvi Style,egg-curry-haryanvi.jpg
Haryana,Chicken Bhuna Haryanvi,chicken-bhuna-haryanvi.jpg
Haryana,Mutton Kaleji Haryanvi,mutton-kaleji-haryanvi.jpg
Haryana,Chicken Korma Haryanvi,chicken-korma-haryanvi.jpg
Haryana,Mutton Bathua Curry,mutton-bathua-curry.jpg
Haryana,Bajra Khichdi,bajra-khichdi-haryanvi.jpg
Haryana,Kadhi Pakora Haryanvi,kadhi-pakora-haryanvi.jpg
Haryana,Hara Dhania Cholia,hara-dhania-cholia.jpg
Haryana,Sarson Ka Saag Haryanvi,sarson-ka-saag-haryanvi.jpg
Haryana,Bathue Ka Raita with Sabzi,bathua-raita-sabzi.jpg
Haryana,Alsi Ki Pinni Sabzi Combo,alsi-pinni-sabzi.jpg
Haryana,Churma with Dal,churma-with-dal.jpg
Haryana,Gatte Ki Sabzi Haryanvi,gatte-ki-sabzi-haryanvi.jpg
Haryana,Bajra Roti with Lehsun Chutney,bajra-roti-lehsun-chutney.jpg
Haryana,Malai Kofta Haryanvi Style,malai-kofta-haryanvi.jpg
Haryana,Bajre Ki Khichdi Bites,bajre-ki-khichdi-bites.jpg
Haryana,Ghevar Haryanvi,ghevar-haryanvi.jpg
Haryana,Kachri Ki Chutney Snack Plate,kachri-chutney-snack.jpg
Haryana,Alsi Pinni,alsi-pinni-snack.jpg
Haryana,Chicken Pakora Haryanvi,chicken-pakora-haryanvi.jpg
Punjab,Amritsari Fish Fry,amritsari-fish-fry.jpg
Punjab,Chicken Tikka Punjabi,chicken-tikka-punjabi.jpg
Punjab,Mutton Rara Punjabi,mutton-rara-punjabi.jpg
Punjab,Amritsari Chicken Curry,amritsari-chicken-curry.jpg
Punjab,Mutton Curry Punjabi Style,mutton-curry-punjabi.jpg
Punjab,Chicken Sagwala,chicken-sagwala.jpg
Punjab,Tandoori Chicken,tandoori-chicken.jpg
Punjab,Egg Curry Punjabi Style,egg-curry-punjabi.jpg
Punjab,Mutton Keema Matar Punjabi,mutton-keema-matar-punjabi.jpg
Punjab,Chicken Curry Punjabi Dhaba Style,chicken-curry-dhaba.jpg
Punjab,Sarson Ka Saag with Makki Roti,sarson-ka-saag-makki-roti.jpg
Punjab,Kadhi Pakora Punjabi Style,kadhi-pakora-punjabi.jpg
Punjab,Amritsari Chole,amritsari-chole.jpg
Punjab,Punjabi Kadhi Chawal,punjabi-kadhi-chawal.jpg
Punjab,Baingan Bharta Punjabi Style,baingan-bharta-punjabi.jpg
Punjab,Gobi Aloo,gobi-aloo-punjabi.jpg
Punjab,Kali Dal,kali-dal-punjabi.jpg
Punjab,Paneer Bhurji,paneer-bhurji-punjabi.jpg
Punjab,Punjabi Rajma Masala,punjabi-rajma-masala.jpg
Punjab,Kadhai Paneer,kadhai-paneer-punjabi.jpg
Punjab,Amritsari Kulcha,amritsari-kulcha.jpg
Punjab,Punjabi Samosa,punjabi-samosa.jpg
Punjab,Pinni,pinni-punjabi.jpg
Punjab,Gur Wale Chawal,gur-wale-chawal.jpg
Punjab,Chicken Pakora Punjabi,chicken-pakora-punjabi.jpg
Jammu & Kashmir,Rogan Josh,rogan-josh-authentic.jpg
Jammu & Kashmir,Yakhni,yakhni-mutton-kashmiri.jpg
Jammu & Kashmir,Kashmiri Chicken Curry,kashmiri-chicken-curry-mild.jpg
Jammu & Kashmir,Gushtaba,gushtaba-wazwan.jpg
Jammu & Kashmir,Rista,rista-authentic.jpg
Jammu & Kashmir,Tabak Maaz,tabak-maaz-fried-ribs.jpg
Jammu & Kashmir,Kashmiri Fish Curry,kashmiri-fish-curry-river-trout.jpg
Jammu & Kashmir,Mutton Kabab Kashmiri,mutton-kabab-kashmiri-spiced.jpg
Jammu & Kashmir,Egg Curry Kashmiri Style,egg-curry-kashmiri-yogurt.jpg
Jammu & Kashmir,Chicken Yakhni,chicken-yakhni-kashmiri.jpg
Jammu & Kashmir,Dum Aloo Kashmiri,dum-aloo-kashmiri-spicy.jpg
Jammu & Kashmir,Haak,haak-collard-greens.jpg
Jammu & Kashmir,Nadru Yakhni,nadru-yakhni-lotus-stem.jpg
Jammu & Kashmir,Rajma Kashmiri,rajma-kashmiri-authentic.jpg
Jammu & Kashmir,Modur Pulav,modur-pulav-saffron-rice.jpg
Jammu & Kashmir,Chaman,chaman-paneer-curry.jpg
Jammu & Kashmir,Nadru Monje,nadru-monje-fritters.jpg
Jammu & Kashmir,Tsok Wangun,tsok-wangun-sour-brinjal.jpg
Jammu & Kashmir,Kashmiri Kadam,kashmiri-kadam-pumpkin.jpg
Jammu & Kashmir,Monji Haakh,monji-haakh-turnip-greens.jpg
Jammu & Kashmir,Kashmiri Kulcha,kashmiri-kulcha-breakfast.jpg
Jammu & Kashmir,Shufta,shufta-dessert-snack.jpg
Jammu & Kashmir,Kashmiri Bread Pakora,kashmiri-bread-pakora-stuffed.jpg
Jammu & Kashmir,Sheermal Kashmiri,sheermal-kashmiri-sweet-bread.jpg
Jammu & Kashmir,Mutton Seekh Kabab Kashmiri,mutton-seekh-kabab-kashmiri-grilled.jpg
Himachal Pradesh,Himachali Chicken Curry,himachali-chicken-curry-pahari.jpg
Himachal Pradesh,Mutton Curry Himachali,mutton-curry-himachali-style.jpg
Himachal Pradesh,Chicken Anardana,chicken-anardana-pahari.jpg
Himachal Pradesh,Khatta Meat,khatta-meat-himachali.jpg
Himachal Pradesh,Chicken Dham Style,chicken-dham-style.jpg
Himachal Pradesh,Mutton Rara Himachali,mutton-rara-himachali-style.jpg
Himachal Pradesh,Trout Fish Curry,trout-fish-curry-himalayan.jpg
Himachal Pradesh,Egg Curry Himachali,egg-curry-himachali-style.jpg
Himachal Pradesh,Mutton Kaleji Himachali,mutton-kaleji-himachali-style.jpg
Himachal Pradesh,Chicken Korma Himachali,chicken-korma-himachali-style.jpg
Himachal Pradesh,Madra,madra-himachali.jpg
Himachal Pradesh,Siddu,siddu-authentic.jpg
Himachal Pradesh,Chana Madra,chana-madra-pahari.jpg
Himachal Pradesh,Kaddu Ka Khatta,kaddu-ka-khatta-himachali.jpg
Himachal Pradesh,Rajma Madra,rajma-madra-pahari.jpg
Himachal Pradesh,Auriya Kaddu,auriya-kaddu-himachali.jpg
Himachal Pradesh,Dham Rice,dham-rice-authentic.jpg
Himachal Pradesh,Sepu Vadi,sepu-vadi-himachali.jpg
Himachal Pradesh,Palda,palda-himachali.jpg
Himachal Pradesh,Chutney Wale Aloo,chutney-wale-aloo-pahari.jpg
Himachal Pradesh,Babru,babru-himachali.jpg
Himachal Pradesh,Patande,patande-himachali.jpg
Himachal Pradesh,Chana Madra Chaat Bites,chana-madra-chaat-bites.jpg
Himachal Pradesh,Mittha,mittha-himachali.jpg
Himachal Pradesh,Chicken Pakora Himachali,chicken-pakora-himachali-pahari.jpg
Uttarakhand,Uttarakhandi Chicken Curry,uttarakhandi-chicken-curry.jpg
Uttarakhand,Mutton Curry Kumaoni,mutton-curry-kumaoni.jpg
Uttarakhand,Chicken Curry Garhwali,chicken-curry-garhwali.jpg
Uttarakhand,Mutton Rara Uttarakhandi,mutton-rara-uttarakhandi.jpg
Uttarakhand,Fish Curry Kumaoni,fish-curry-kumaoni.jpg
Uttarakhand,Chicken Bhuna Uttarakhandi,chicken-bhuna-uttarakhandi.jpg
Uttarakhand,Egg Curry Uttarakhandi Style,egg-curry-uttarakhandi.jpg
Uttarakhand,Mutton Kaleji Uttarakhandi,mutton-kaleji-uttarakhandi.jpg
Uttarakhand,Chicken Korma Garhwali Style,chicken-korma-garhwali.jpg
Uttarakhand,Mutton Curry with Mandua Roti,mutton-mandua-combo.jpg
Uttarakhand,Bhatt Ki Churkani,bhatt-ki-churkani.jpg
Uttarakhand,Gahat Ki Dal,gahat-ki-dal.jpg
Uttarakhand,Aloo Ke Gutke,aloo-ke-gutke.jpg
Uttarakhand,Kaphuli,kaphuli-spinach.jpg
Uttarakhand,Chainsoo,chainsoo-dal.jpg
Uttarakhand,Jhangore Ki Kheer Sabzi Combo,jhangore-kheer-combo.jpg
Uttarakhand,Rus (Kumaoni Toor Dal),rus-kumaoni.jpg
Uttarakhand,Thhatwani,thhatwani.jpg
Uttarakhand,Mandua Ki Roti with Sabzi,mandua-roti-sabzi.jpg
Uttarakhand,Palak Ka Kapa,palak-ka-kapa.jpg
Uttarakhand,Bal Mithai,bal-mithai-snack.jpg
Uttarakhand,Singal,singal-snack.jpg
Uttarakhand,Arsa,arsa-snack.jpg
Uttarakhand,Gulgula,gulgula-snack.jpg
Uttarakhand,Chicken Pakora Uttarakhandi,chicken-pakora-uttarakhandi.jpg
Delhi,Butter Chicken Purani Dilli Style,butter-chicken-purani-dilli.jpg
Delhi,Mutton Korma Delhi Style,mutton-korma-delhi-style.jpg
Delhi,Chicken Changezi,chicken-changezi.jpg
Delhi,Mutton Nihari Delhi Style,mutton-nihari-delhi-style.jpg
Delhi,Chicken Seekh Kabab Delhi,chicken-seekh-kabab-delhi.jpg
Delhi,Mutton Kebab Delhi Style,mutton-kebab-delhi-style.jpg
Delhi,Chicken Curry Chandni Chowk Style,chicken-curry-chandni-chowk.jpg
Delhi,Egg Curry Delhi Style,egg-curry-delhi-style.jpg
Delhi,Mutton Burra Kebab,mutton-burra-kebab-delhi.jpg
Delhi,Chicken Curry Karim's Style,chicken-curry-karims.jpg
Delhi,Chana Bhatura Delhi Style,chana-bhatura-delhi.jpg
Delhi,Paneer Lababdar,paneer-lababdar-delhi.jpg
Delhi,Matar Paneer Delhi Style,matar-paneer-delhi.jpg
Delhi,Kadhi Chawal Delhi Style,kadhi-chawal-delhi.jpg
Delhi,Dahi Bhalla,dahi-bhalla-delhi.jpg
Delhi,Baingan Bharta Delhi Style,baingan-bharta-delhi.jpg
Delhi,Chole Kulche,chole-kulche-delhi.jpg
Delhi,Paneer Do Pyaza Delhi Style,paneer-do-pyaza-delhi.jpg
Delhi,Aloo Tikki Curry,aloo-tikki-curry-delhi.jpg
Delhi,Kashmiri Dum Aloo Delhi Style,kashmiri-dum-aloo-delhi.jpg
Delhi,Delhi Aloo Chaat,delhi-aloo-chaat.jpg
Delhi,Golgappe (Pani Puri Delhi Style),golgappe-delhi.jpg
Delhi,Daulat Ki Chaat,daulat-ki-chaat-delhi.jpg
Delhi,Bedmi Puri Delhi Style,bedmi-puri-delhi.jpg
Delhi,Chicken Tikka Delhi Style,chicken-tikka-delhi-snack.jpg
Jharkhand,Jharkhandi Chicken Curry,jharkhandi-chicken-curry.jpg
Jharkhand,Mutton Curry Jharkhandi Style,mutton-curry-jharkhandi.jpg
Jharkhand,Handia Chicken,handia-chicken.jpg
Jharkhand,Chicken Curry with Bamboo Shoot,chicken-curry-bamboo-shoot-jh.jpg
Jharkhand,Mutton Rogra,mutton-rogra.jpg
Jharkhand,Machh Jhor Jharkhandi Style,machh-jhor-jharkhand.jpg
Jharkhand,Chicken Bhuja Jharkhandi,chicken-bhuja-jharkhand.jpg
Jharkhand,Egg Curry Jharkhandi Style,egg-curry-jharkhand.jpg
Jharkhand,Mutton Kaleji Jharkhandi,mutton-kaleji-jharkhand.jpg
Jharkhand,Chicken Curry with Mahua Notes,chicken-mahua-jharkhand.jpg
Jharkhand,Rugra Curry,rugra-curry.jpg
Jharkhand,Dhuska with Ghugni,dhuska-ghugni-combo.jpg
Jharkhand,Bamboo Shoot Curry,bamboo-shoot-curry-jh.jpg
Jharkhand,Chana Ghugni Jharkhandi,chana-ghugni-jharkhand.jpg
Jharkhand,Saag Jharkhandi,saag-jharkhand.jpg
Jharkhand,Arhar Dal Jharkhandi,arhar-dal-jharkhand.jpg
Jharkhand,Aloo Posto Jharkhandi,aloo-posto-jharkhand.jpg
Jharkhand,Kohra Bhaji,kohra-bhaji-jh.jpg
Jharkhand,Til Baigan,til-baigan-jh.jpg
Jharkhand,Gundli Ki Kheer with Sabzi,gundli-kheer-combo.jpg
Jharkhand,Dhuska,dhuska-snack.jpg
Jharkhand,Pitha Jharkhandi,pitha-jharkhand.jpg
Jharkhand,Thekua Jharkhandi,thekua-jharkhand.jpg
Jharkhand,Malpua Jharkhandi Style,malpua-jharkhand.jpg
Jharkhand,Fish Pakora Jharkhandi,fish-pakora-jharkhand.jpg
West Bengal,Machher Jhol,machher-jhol-bengali.jpg
West Bengal,Shorshe Ilish,shorshe-ilish.jpg
West Bengal,Kosha Mangsho,kosha-mangsho-bengali.jpg
West Bengal,Chingri Malai Curry,chingri-malai-curry.jpg
West Bengal,Doi Maach,doi-maach-bengali.jpg
West Bengal,Chicken Kosha,chicken-kosha-bengali.jpg
West Bengal,Bhetki Paturi,bhetki-paturi.jpg
West Bengal,Kolkata Chicken Curry,kolkata-chicken-curry.jpg
West Bengal,Dimer Jhol,dimer-jhol.jpg
West Bengal,Mutton Kosha with Alu,mutton-kosha-alu.jpg
West Bengal,Aloo Posto,aloo-posto-bengali.jpg
West Bengal,Shukto,shukto-bengali.jpg
West Bengal,Dhokar Dalna,dhokar-dalna.jpg
West Bengal,Chholar Dal,chholar-dal-bengali.jpg
West Bengal,Begun Bhaja with Dal,begun-bhaja-dal-combo.jpg
West Bengal,Labra,labra-bengali.jpg
West Bengal,Cholar Ghonto,cholar-ghonto.jpg
West Bengal,Bandhakopir Ghonto,bandhakopir-ghonto.jpg
West Bengal,Aloo Potol Posto,aloo-potol-posto-bengali.jpg
West Bengal,Mochar Ghonto,mochar-ghonto-bengali.jpg
West Bengal,Beguni,beguni-bengali.jpg
West Bengal,Rasgulla (Rosogolla),rasgulla-bengali.jpg
West Bengal,Sandesh,sandesh-bengali.jpg
West Bengal,Ghugni Chaat,ghugni-chaat-bengali.jpg
West Bengal,Fish Fry Kolkata Style,fish-fry-kolkata-style.jpg
Sikkim,Pork Momos,pork-momos-sikkim.jpg
Sikkim,Chicken Thukpa,chicken-thukpa-sikkim.jpg
Sikkim,Chicken Momos,chicken-momos-sikkim.jpg
Sikkim,Pork Thenthuk,pork-thenthuk-sikkim.jpg
Sikkim,Sikkimese Pork Curry,sikkimese-pork-curry.jpg
Sikkim,Sikkimese Chicken Curry,chicken-curry-sikkimese.jpg
Sikkim,Gyathuk,gyathuk-sikkim.jpg
Sikkim,Pork Sha Phaley,pork-sha-phaley-sikkim.jpg
Sikkim,Egg Thukpa,egg-thukpa-sikkim.jpg
Sikkim,Chicken Curry with Fermented Bamboo Shoot,chicken-curry-bamboo-shoot-sikkim.jpg
Sikkim,Vegetable Momos,vegetable-momos-sikkim.jpg
Sikkim,Gundruk Soup,gundruk-soup-sikkim.jpg
Sikkim,Sinki Soup,sinki-soup-sikkim.jpg
Sikkim,Ningro Curry,ningro-curry-sikkim.jpg
Sikkim,Vegetable Thukpa,vegetable-thukpa-sikkim.jpg
Sikkim,Chhurpi Curry,chhurpi-curry-sikkim.jpg
Sikkim,Kinema Curry,kinema-curry-sikkim.jpg
Sikkim,Bamboo Shoot Curry Sikkimese,bamboo-shoot-curry-sikkimese.jpg
Sikkim,Fapar Ko Roti with Sabzi,fapar-ko-roti-sabzi-sikkim.jpg
Sikkim,Alu Dum Sikkimese,alu-dum-sikkimese.jpg
Sikkim,Sel Roti,sel-roti-sikkim.jpg
Sikkim,Fried Vegetable Momos,vegetable-momos-fried-sikkim.jpg
Sikkim,Churpi Chatpate,churpi-chatpate-sikkim.jpg
Sikkim,Wai Wai Sadeko,wai-wai-sadeko-sikkim.jpg
Sikkim,Fried Chicken Momos,chicken-momos-fried-sikkim.jpg
Meghalaya,Jadoh,jadoh-khasi-authentic.jpg
Meghalaya,Dohneiiong,dohneiiong-pork-sesame.jpg
Meghalaya,Pork with Bamboo Shoot,pork-bamboo-shoot-meghalaya.jpg
Meghalaya,Khasi Chicken Curry,khasi-chicken-curry-rustic.jpg
Meghalaya,Tungrymbai Pork,tungrymbai-pork-spicy.jpg
Meghalaya,Pork Bamboo Shoot Fry,pork-bamboo-shoot-fry-dry.jpg
Meghalaya,Dohkhlieh,dohkhlieh-pork-salad.jpg
Meghalaya,Chicken with Black Sesame,chicken-black-sesame-meghalaya.jpg
Meghalaya,Nakham Bitchi,nakham-bitchi-dried-fish-soup.jpg
Meghalaya,Pork Curry Garo Style,pork-curry-garo-style-spicy.jpg
Meghalaya,Ja Mynthdu,ja-mynthdu-rice-peas.jpg
Meghalaya,Tungrymbai (Vegetarian Style),tungrymbai-vegetarian-style.jpg
Meghalaya,Pumpkin with Sesame,pumpkin-sesame-meghalaya.jpg
Meghalaya,Bamboo Shoot Curry Khasi,bamboo-shoot-curry-khasi.jpg
Meghalaya,Ja Prue Simple Rice with Sabzi,ja-prue-rice-sabzi.jpg
Meghalaya,Khasi Bean Curry,khasi-bean-curry.jpg
Meghalaya,Mustard Greens Stir Fry Khasi,mustard-greens-stir-fry-khasi.jpg
Meghalaya,Perilla Seed Chutney with Sabzi,perilla-seed-chutney-sabzi.jpg
Meghalaya,Sohphlang Curry,sohphlang-curry-veg.jpg
Meghalaya,Dal Khasi Style,dal-khasi-style.jpg
Meghalaya,Putharo,putharo-steamed-rice-cake.jpg
Meghalaya,Pukhlein,pukhlein-sweet-fritters.jpg
Meghalaya,Sakin Genjey Style Rice Cake,sakin-genjey-rice-cake.jpg
Meghalaya,Kyat,kyat-rice-snack.jpg
Meghalaya,Pork Sausage Meghalayan,pork-sausage-meghalayan-snack.jpg
Tripura,Mui Borok Fish Curry,mui-borok-fish-curry.jpg
Tripura,Chakhwi,chakhwi-pork-stew.jpg
Tripura,Pork with Bamboo Shoot Tripuri,pork-bamboo-shoot-tripuri.jpg
Tripura,Berma Chicken Curry,berma-chicken-curry.jpg
Tripura,Wahan Mosdeng,wahan-mosdeng.jpg
Tripura,Fish Curry Tripuri Style,fish-curry-tripuri.jpg
Tripura,Muya Awandru,muya-awandru-pork.jpg
Tripura,Chicken Curry with Bamboo Shoot Tripuri,chicken-bamboo-shoot-tripuri.jpg
Tripura,Dried Fish Chutney Curry,dried-fish-chutney-curry.jpg
Tripura,Egg Curry Tripuri Style,egg-curry-tripuri.jpg
Tripura,Mosdeng,mosdeng-veg.jpg
Tripura,Muya Bwtwi,muya-bwtwi.jpg
Tripura,Berma Vegetable Curry,berma-veg-curry.jpg
Tripura,Thwitwi Curry,thwitwi-curry.jpg
Tripura,Muya Awandru Vegetarian,muya-awandru-veg.jpg
Tripura,Gudok (Vegetarian Style),gudok-veg.jpg
Tripura,Pumpkin Leaf Curry Tripuri,pumpkin-leaf-tripuri.jpg
Tripura,Dal Tripuri Style,dal-tripuri.jpg
Tripura,Arum Leaf Curry,arum-leaf-curry.jpg
Tripura,Mixed Vegetable Berma Curry,mixed-veg-berma-curry.jpg
Tripura,Chakhwi Rice Bites,chakhwi-rice-bites.jpg
Tripura,Muya Bhaja,muya-bhaja.jpg
Tripura,Malpua Tripuri,malpua-tripuri.jpg
Tripura,Muya Pitha,muya-pitha.jpg
Tripura,Pork Bamboo Skewers,pork-bamboo-skewers.jpg
Assam,Masor Tenga,masor-tenga-assam.jpg
Assam,Assamese Chicken Curry,assamese-chicken-curry-light.jpg
Assam,Duck Curry with Bamboo Shoot,duck-curry-bamboo-shoot-assam.jpg
Assam,Pork with Khorisa,pork-with-khorisa-assam.jpg
Assam,Masor Koni Curry,masor-koni-curry-assam.jpg
Assam,Chicken with Bamboo Shoot Assamese Style,chicken-khorisa-assam.jpg
Assam,Xaak Aru Maas,xaak-aru-maas-assam.jpg
Assam,Pork Curry Assamese,pork-curry-assamese-style.jpg
Assam,Egg Curry Assamese Style,egg-curry-assamese-tomato.jpg
Assam,Duck Meat Curry with Black Sesame,duck-black-sesame-assam.jpg
Assam,Khar,khar-assamese-authentic.jpg
Assam,Tenga Dal,tenga-dal-assam.jpg
Assam,Bilahi Maas Tenga Style Vegetables,bilahi-tenga-veg-assam.jpg
Assam,Aloo Pitika,aloo-pitika-assam.jpg
Assam,Bamboo Shoot Curry Assamese,bamboo-shoot-curry-assam.jpg
Assam,Xaak Bhaji,xaak-bhaji-assam.jpg
Assam,Bor Kumura Curry,bor-kumura-curry-assam.jpg
Assam,Dal Assamese Style,dal-assamese-style.jpg
Assam,Kordoi Tenga,kordoi-tenga-assam.jpg
Assam,Pumpkin Flower Fritter Curry,pumpkin-flower-fritter-curry.jpg
Assam,Pitha,pitha-assamese-sweet.jpg
Assam,Til Pitha,til-pitha-assam.jpg
Assam,Doi Chira,doi-chira-assam.jpg
Assam,Ghila Pitha,ghila-pitha-assam.jpg
Assam,Duck Meat Momos,duck-meat-momos-assam.jpg
Arunachal Pradesh,Thukpa Arunachali,thukpa-arunachali.jpg
Arunachal Pradesh,Pork with Bamboo Shoot Arunachali,pork-bamboo-arunachali.jpg
Arunachal Pradesh,Yak Meat Curry,yak-meat-curry.jpg
Arunachal Pradesh,Chicken Curry Nyishi Style,chicken-nyishi-style.jpg
Arunachal Pradesh,Fish Curry Apatani Style,fish-apatani-style.jpg
Arunachal Pradesh,Pork Momos Arunachali,pork-momos-arunachali.jpg
Arunachal Pradesh,Smoked Pork with Fermented Soybean,smoked-pork-soybean-arunachal.jpg
Arunachal Pradesh,Chicken with Bamboo Shoot Arunachali,chicken-bamboo-arunachal.jpg
Arunachal Pradesh,Egg Curry Arunachali Style,egg-curry-arunachal.jpg
Arunachal Pradesh,Pork Curry Adi Style,pork-adi-style.jpg
Arunachal Pradesh,Bamboo Shoot Curry Arunachali,bamboo-shoot-veg-arunachal.jpg
Arunachal Pradesh,Zan (Millet Porridge),zan-porridge.jpg
Arunachal Pradesh,Vegetable Thukpa Arunachali,veg-thukpa-arunachal.jpg
Arunachal Pradesh,Fermented Soybean Curry Arunachali,soybean-curry-arunachal.jpg
Arunachal Pradesh,Local Greens Stir Fry,local-greens-stirfry-arunachal.jpg
Arunachal Pradesh,Boiled Vegetable Platter with Chili Chutney,boiled-veg-chili-chutney.jpg
Arunachal Pradesh,Dal Arunachali Style,dal-arunachali.jpg
Arunachal Pradesh,Fiddlehead Fern Curry,fiddlehead-fern-arunachal.jpg
Arunachal Pradesh,Rice with Fermented Bamboo Shoot,rice-bamboo-shoot-arunachal.jpg
Arunachal Pradesh,Pumpkin Curry Arunachali,pumpkin-curry-arunachal.jpg
Arunachal Pradesh,Vegetable Momos Arunachali,veg-momos-arunachal.jpg
Arunachal Pradesh,Khura,khura-arunachal.jpg
Arunachal Pradesh,Rice Cake Arunachali,rice-cake-arunachal.jpg
Arunachal Pradesh,Sticky Rice with Sesame,sticky-rice-sesame-arunachal.jpg
Arunachal Pradesh,Pork Momos Fried,fried-pork-momos-arunachal.jpg
Mizoram,Bai,bai-mizo-pork.jpg
Mizoram,Sawhchiar,sawhchiar-pork.jpg
Mizoram,Pork with Bekang,pork-bekang-mizo.jpg
Mizoram,Vawksa Rep with Mustard Leaves,vawksa-rep-mustard.jpg
Mizoram,Chicken Bai,chicken-bai-mizo.jpg
Mizoram,Pork with Bamboo Shoot,pork-bamboo-shoot-mizo.jpg
Mizoram,Sa Um with Vegetables,sa-um-vegetables.jpg
Mizoram,Fish Bai,fish-bai-mizo.jpg
Mizoram,Egg Bai,egg-bai-mizo.jpg
Mizoram,Mizo Style Pork Curry,pork-curry-mizo-style.jpg
Mizoram,Bekang,bekang-fermented-soybean.jpg
Mizoram,Anhla,anhla-boiled-greens.jpg
Mizoram,Bamboo Shoot Curry Mizo,bamboo-shoot-curry-mizo-veg.jpg
Mizoram,Vegetable Bai,vegetable-bai-mizo.jpg
Mizoram,Rep (Fermented Mustard Leaves),rep-fermented-mustard.jpg
Mizoram,Bekang Umtak,bekang-umtak-mizo.jpg
Mizoram,Pumpkin Leaf Bai,pumpkin-leaf-bai-mizo.jpg
Mizoram,Dal Mizo Style,dal-mizo-style.jpg
Mizoram,Chow Chow Curry,chow-chow-curry-mizo.jpg
Mizoram,Mustard Greens Bai,mustard-greens-bai-mizo.jpg
Mizoram,Chhangban,chhangban-rice-cake.jpg
Mizoram,Vawksa Rep Bites,vawksa-rep-bites.jpg
Mizoram,Rice Cake Mizo Style,rice-cake-mizo-style.jpg
Mizoram,Bekang Chutney Snack,bekang-chutney-snack.jpg
Mizoram,Fish Cake Mizo Style,fish-cake-mizo-style.jpg
Manipur,Eromba,eromba-manipur.jpg
Manipur,Ngari Fish Curry,ngari-fish-curry-manipur.jpg
Manipur,Chak-hao Kheer with Chicken Side,chak-hao-kheer-chicken-side.jpg
Manipur,Pork with Bamboo Shoot Manipuri,pork-bamboo-shoot-manipur.jpg
Manipur,Chicken Curry Manipuri,chicken-curry-manipur.jpg
Manipur,Utong Metpa,utong-metpa-pork.jpg
Manipur,Fish Curry with Local Herbs,fish-curry-local-herbs-manipur.jpg
Manipur,Kangshoi with Chicken,kangshoi-chicken-manipur.jpg
Manipur,Egg Curry Manipuri Style,egg-curry-manipur.jpg
Manipur,Pork Curry Manipuri,pork-curry-manipur.jpg
Manipur,Kangshoi,kangshoi-manipur.jpg
Manipur,Singju,singju-manipur.jpg
Manipur,Chak-hao Kheer,chak-hao-kheer-manipur.jpg
Manipur,Bamboo Shoot Curry Manipuri,bamboo-shoot-curry-manipur-veg.jpg
Manipur,Yongchak Eromba,yongchak-eromba-veg.jpg
Manipur,Hawaijar Curry,hawaijar-curry-veg.jpg
Manipur,Local Greens Kangshoi,local-greens-kangshoi-veg.jpg
Manipur,Dal Manipuri Style,dal-manipur-style-veg.jpg
Manipur,Pumpkin Curry Manipuri,pumpkin-curry-manipur-veg.jpg
Manipur,Kanghou,kanghou-veg.jpg
Manipur,Chak-hao Poori,chak-hao-poori-snack.jpg
Manipur,Hawaijar Bites,hawaijar-bites-snack.jpg
Manipur,Kabok,kabok-snack.jpg
Manipur,Singju Bites,singju-bites-snack.jpg
Manipur,Fish Cake Manipuri Style,fish-cake-manipur-snack.jpg
Nagaland,Smoked Pork with Axone,smoked-pork-axone-naga.jpg
Nagaland,Naga Pork with Bamboo Shoot,naga-pork-bamboo-shoot.jpg
Nagaland,Bhut Jolokia Chicken Curry,bhut-jolokia-chicken.jpg
Nagaland,Akhuni Pork,akhuni-pork-naga.jpg
Nagaland,Naga Fish Curry with Bamboo Shoot,naga-fish-bamboo.jpg
Nagaland,Smoked Pork with Bamboo Shoot (Dry),smoked-pork-bamboo-dry.jpg
Nagaland,Chicken with Axone,chicken-axone-naga.jpg
Nagaland,Naga Pork Chutney Curry,naga-pork-chutney.jpg
Nagaland,Egg Curry Naga Style,egg-curry-naga.jpg
Nagaland,Dried Fish Chutney Curry Naga,dried-fish-chutney-naga.jpg
Nagaland,Bamboo Shoot Curry Naga,bamboo-shoot-curry-naga.jpg
Nagaland,Axone Curry,axone-curry-veg.jpg
Nagaland,Naga Chili Chutney with Vegetables,naga-chili-chutney-veg.jpg
Nagaland,Local Greens with Fermented Soybean,greens-axone-naga.jpg
Nagaland,Boiled Vegetable Platter Naga,boiled-veg-naga.jpg
Nagaland,Dal Naga Style,dal-naga.jpg
Nagaland,Fiddlehead Fern Curry Naga,fiddlehead-fern-naga.jpg
Nagaland,Pumpkin Curry Naga Style,pumpkin-curry-naga.jpg
Nagaland,Bean Curry Naga Style,bean-curry-naga.jpg
Nagaland,Mustard Greens with Chili,mustard-greens-chili-naga.jpg
Nagaland,Naga Rice Cake,naga-rice-cake.jpg
Nagaland,Akhuni Chutney Bites,akhuni-chutney-bites.jpg
Nagaland,Bhut Jolokia Pickle Snack Plate,bhut-jolokia-pickle-plate.jpg
Nagaland,Puffed Rice with Chili,puffed-rice-chili-naga.jpg
Nagaland,Smoked Pork Bites,smoked-pork-bites-naga.jpg
Bakery,Whole Wheat Sandwich Bread,bakery-whole-wheat-bread.jpg
Bakery,Garlic Butter Dinner Rolls,bakery-garlic-rolls.jpg
Bakery,Multigrain Seeded Bread,bakery-multigrain-bread.jpg
Bakery,Rosemary and Sea Salt Focaccia,bakery-focaccia.jpg
Bakery,Cheese and Herb Pull-Apart Bread,bakery-cheese-herb-bread.jpg
Bakery,Moist Walnut Banana Bread,bakery-banana-bread.jpg
Bakery,Classic Brown Bread,bakery-brown-bread.jpg
Bakery,Ladi Pav (Soft Dinner Buns),bakery-pav.jpg
Bakery,Cinnamon Raisin Bread,bakery-cinnamon-raisin-bread.jpg
Bakery,Artisan Sourdough Bread,bakery-sourdough.jpg
Bakery,Classic Vanilla Sponge Cake,bakery-vanilla-sponge.jpg
Bakery,Rich Chocolate Truffle Cake,bakery-chocolate-truffle.jpg
Bakery,Red Velvet Cake,bakery-red-velvet.jpg
Bakery,Spiced Carrot Walnut Cake,bakery-carrot-cake.jpg
Bakery,Black Forest Gateau,bakery-black-forest.jpg
Bakery,Lemon Drizzle Loaf Cake,bakery-lemon-drizzle.jpg
Bakery,Fresh Pineapple Cream Cake,bakery-pineapple-cake.jpg
Bakery,Coffee Walnut Sponge Cake,bakery-coffee-walnut-cake.jpg
Bakery,Chocolate and Vanilla Marble Cake,bakery-marble-cake.jpg
Bakery,Butterscotch Praline Cake,bakery-butterscotch-cake.jpg
Bakery,Classic Butter Cookies,bakery-butter-cookies.jpg
Bakery,Classic Chocolate Chip Cookies,bakery-choco-chip-cookies.jpg
Bakery,Chewy Oatmeal Raisin Cookies,bakery-oatmeal-cookies.jpg
Bakery,Jeera (Cumin) Salty Biscuits,bakery-jeera-cookies.jpg
Bakery,Traditional Nankhatai,bakery-nankhatai.jpg
Bakery,Crispy Coconut Biscuits,bakery-coconut-cookies.jpg
Bakery,Soft Peanut Butter Cookies,bakery-peanut-butter-cookies.jpg
Bakery,Delicate Almond Biscuits,bakery-almond-cookies.jpg
Bakery,Double Chocolate Fudgy Cookies,bakery-double-chocolate-cookies.jpg
Bakery,Cardamom Shortbread Cookies,bakery-cardamom-shortbread.jpg
Bakery,Belgian Chocolate Pastry,bakery-chocolate-pastry.jpg
Bakery,Classic Pineapple Pastry,bakery-pineapple-pastry.jpg
Bakery,Black Forest Pastry Slice,bakery-black-forest-pastry.jpg
Bakery,Spicy Vegetable Puff,bakery-veg-puff.jpg
Bakery,Cheesy Herb Puff,bakery-cheese-puff.jpg
Bakery,Fruit Danish Pastry,bakery-danish-pastry.jpg
Bakery,Crispy Cream Roll,bakery-cream-roll.jpg
Bakery,Chocolate Eclairs,bakery-eclairs.jpg
Bakery,Fresh Fruit Tart,bakery-fruit-tart.jpg
Bakery,Butter Croissant,bakery-croissant.jpg
Bakery,Crispy Tea Rusk,bakery-rusk.jpg
Bakery,Old-Fashioned Bread Pudding,bakery-bread-pudding.jpg
Bakery,Chocolate Chip Muffins,bakery-choco-muffins.jpg
Bakery,Fudgy Chocolate Brownies,bakery-brownies.jpg
Bakery,Glazed Yeast Doughnuts,bakery-doughnuts.jpg
Bakery,Soft Cinnamon Rolls,bakery-cinnamon-rolls.jpg
Bakery,Rich Holiday Plum Cake,bakery-plum-cake.jpg
Bakery,Classic Baked Cheesecake,bakery-cheesecake.jpg
Bakery,Cinnamon Apple Pie,bakery-apple-pie.jpg
Bakery,Baked Custard Tart,bakery-custard-tart.jpg
Snacks,Aloo Bonda,snack-aloo-bonda.jpg
Snacks,Crispy Onion Pakora,snack-crispy-onion-pakora.jpg
Snacks,Paneer Pakora,snack-paneer-pakora.jpg
Snacks,Corn Cheese Balls,snack-corn-cheese-balls.jpg
Snacks,Vegetable Spring Rolls,snack-vegetable-spring-rolls.jpg
Snacks,Chicken Nuggets Indian Style,snack-chicken-nuggets-indian.jpg
Snacks,Fish Fingers,snack-fish-fingers.jpg
Snacks,Mutton Samosa,snack-mutton-samosa.jpg
Snacks,Egg Bonda,snack-egg-bonda.jpg
Snacks,Prawn Fritters,snack-prawn-fritters.jpg
Snacks,Baked Samosa,snack-baked-samosa.jpg
Snacks,Baked Nachos with Cheese,snack-baked-nachos-cheese.jpg
Snacks,Baked Vegetable Cutlet,snack-baked-vegetable-cutlet.jpg
Snacks,Baked Paneer Tikka Bites,snack-baked-paneer-tikka.jpg
Snacks,Whole Wheat Vegetable Puffs,snack-whole-wheat-veg-puff.jpg
Snacks,Baked Chicken Wings,snack-baked-chicken-wings.jpg
Snacks,Baked Fish Cutlet,snack-baked-fish-cutlet.jpg
Snacks,Baked Chicken Tikka Bites,snack-baked-chicken-tikka.jpg
Snacks,Baked Egg Boats,snack-baked-egg-boats.jpg
Snacks,Baked Mutton Kebab Bites,snack-baked-mutton-kebab.jpg
Snacks,Papdi Chaat,snack-papdi-chaat.jpg
Snacks,Sev Puri,snack-sev-puri.jpg
Snacks,Bhel Puri,snack-bhel-puri.jpg
Snacks,Ragda Pattice,snack-ragda-pattice.jpg
Snacks,Corn Chaat,snack-corn-chaat.jpg
Snacks,Chicken Chaat,snack-chicken-chaat.jpg
Snacks,Egg Chaat,snack-egg-chaat.jpg
Snacks,Keema Chaat,snack-keema-chaat.jpg
Snacks,Fish Chaat,snack-fish-chaat.jpg
Snacks,Chicken Tikka Chaat,snack-chicken-tikka-chaat.jpg
Snacks,Mumbai Pani Puri,snack-mumbai-pani-puri.jpg
Snacks,Dabeli,snack-dabeli.jpg
Snacks,Vegetable Frankie,snack-vegetable-frankie.jpg
Snacks,Kathi Roll Vegetable,snack-kathi-roll-veg.jpg
Snacks,Cut Fruit Chaat,snack-cut-fruit-chaat.jpg
Snacks,Chicken Kathi Roll,snack-chicken-kathi-roll.jpg
Snacks,Egg Roll Kolkata Style,snack-egg-roll-kolkata.jpg
Snacks,Chicken Frankie,snack-chicken-frankie.jpg
Snacks,Mutton Roll,snack-mutton-roll.jpg
Snacks,Fish Fry Street Style,snack-fish-fry-street.jpg
Snacks,Sprouts Chaat,snack-sprouts-chaat.jpg
Snacks,Roasted Makhana,snack-roasted-makhana.jpg
Snacks,Baked Sweet Potato Chaat,snack-baked-sweet-potato-chaat.jpg
Snacks,Steamed Dhokla Bites,snack-steamed-dhokla-bites.jpg
Snacks,Roasted Chana Snack,snack-roasted-chana-snack.jpg
Snacks,Grilled Chicken Skewers,snack-grilled-chicken-skewers.jpg
Snacks,Steamed Egg Bites,snack-steamed-egg-bites.jpg
Snacks,Grilled Fish Bites,snack-grilled-fish-bites.jpg
Snacks,Boiled Egg Chaat (Healthy Style),snack-boiled-egg-chaat-healthy.jpg
Snacks,Grilled Chicken Tikka (Healthy Style),snack-grilled-chicken-tikka-healthy.jpg
Drinks,Masala Chai,drink-masala-chai.jpg
Drinks,Filter Coffee,drink-filter-coffee.jpg
Drinks,Sweet Lassi,drink-sweet-lassi.jpg
Drinks,Salted Buttermilk (Chaas),drink-salted-buttermilk.jpg
Drinks,Jal Jeera,drink-jal-jeera.jpg
Drinks,Sattu Sharbat,drink-sattu-sharbat.jpg
Drinks,Aam Panna,drink-aam-panna.jpg
Drinks,Turmeric Golden Milk (Haldi Doodh),drink-golden-milk.jpg
Drinks,Kadha,drink-kadha.jpg
Drinks,Carrot Beetroot Juice,drink-carrot-beetroot-juice.jpg